{"cameraMode":{"drawMode":0,"name":"Shaded","section":"Shading Mode"},"sceneLighting":true,"audioPlay":false,"sceneViewState":{"m_AlwaysRefresh":false,"showFog":true,"showSkybox":true,"showFlares":true,"showImageEffects":true,"showParticleSystems":true,"showVisualEffectGraphs":true,"m_FxEnabled":true},"in2DMode":false,"pivot":{"x":463.4395446777344,"y":269.6848449707031,"z":-244.59666442871095},"rotation":{"x":-0.005408615805208683,"y":-0.00509839178994298,"z":0.00009922030585585162,"w":-1.0000429153442383},"size":144.37518310546876,"orthographic":false}